username,user id,access hash,name,group,group id
,5594017455,-4197008895428983495,A Wahyu,PASUKAN BERUANG77,1604301408
,5502047307,4224891163181190968,Nivalia,PASUKAN BERUANG77,1604301408
Udem12,5411765021,-252293718943055432,Sungut,PASUKAN BERUANG77,1604301408
,2136917957,-451372278167751900,Dedeung,PASUKAN BERUANG77,1604301408
,1746703450,-7261692203385289277,Teguh,PASUKAN BERUANG77,1604301408
,1543098641,5467161706727803760,Bu Bos,PASUKAN BERUANG77,1604301408
,5458989650,-5702881061866919131,Dika,PASUKAN BERUANG77,1604301408
,5449847473,-833119031945272733,Cici,PASUKAN BERUANG77,1604301408
,5428104333,7177426405798114984,Ega,PASUKAN BERUANG77,1604301408
abahzeus,5337178214,-5346040813057612756,HINATA SHOUYO,PASUKAN BERUANG77,1604301408
,5302132494,-5491534325989521986,A Boby,PASUKAN BERUANG77,1604301408
,5264879480,-4850820293674948634,ÎØ∏Ìä∏Îùº Ïàò,PASUKAN BERUANG77,1604301408
,5063202653,5784608406734117874,Kardun,PASUKAN BERUANG77,1604301408
,5010900219,7432371952411378863,A Jono,PASUKAN BERUANG77,1604301408
,5352869033,-536966503093545643,Kenshin,PASUKAN BERUANG77,1604301408
,2117122172,6292040576820690042,Kiki,PASUKAN BERUANG77,1604301408
,5569419200,-623083769893606849,User Setia,PASUKAN BERUANG77,1604301408
,5540932837,7898582137871463,Adzril F.p,PASUKAN BERUANG77,1604301408
,1242413756,4356661975862814513,Parahh,PASUKAN BERUANG77,1604301408
Sanniabdull,5027939425,3492611447444658469,Abdull sanni,PASUKAN BERUANG77,1604301408
arif_1945,5585357447,-1473143071533261738,FREEBET HUNTER,PASUKAN BERUANG77,1604301408
Ramdani_ars,5561040079,-8085903748588696953,Ars,PASUKAN BERUANG77,1604301408
,2062077577,-4622089959564086235,Ublak Prt,PASUKAN BERUANG77,1604301408
,5577019111,6822454326910553996,Jumardi,PASUKAN BERUANG77,1604301408
,5539723565,6730393799617072544,caca Aurelia,PASUKAN BERUANG77,1604301408
leny00000,5466350672,2881476381837181807,Akun depo Setelah freebet,PASUKAN BERUANG77,1604301408
mardilaarochaa,5451564930,-6825452328316455493,Jumardi,PASUKAN BERUANG77,1604301408
,5330473312,-8790933505432774914,Shaqila Cynk,PASUKAN BERUANG77,1604301408
Fatmawati1717,2145687774,5624420067290213608,Api Auu,PASUKAN BERUANG77,1604301408
,5481084921,364552337634877680,Masgaek Lolo,PASUKAN BERUANG77,1604301408
pantoloho,5152630357,-4305276954018062453,Oli kupay,PASUKAN BERUANG77,1604301408
,5480782661,-4223300456683100112,M Gibran,PASUKAN BERUANG77,1604301408
,5370323949,7014382694720397832,Marley Dion,PASUKAN BERUANG77,1604301408
,5345631918,3764931938186492084,dika barkil,PASUKAN BERUANG77,1604301408
Aldyalgifahri_1,5003516259,-2072524701065063973,Aldy,PASUKAN BERUANG77,1604301408
Siam807,5323825942,3760604003047101858,H. Aro,PASUKAN BERUANG77,1604301408
vcsreal08,5572854624,-7092902009543314610,Elva Mustika,PASUKAN BERUANG77,1604301408
,5272582764,2264688732710027540,Dewa 123,PASUKAN BERUANG77,1604301408
,5285622484,-1509373116156492009,BINAMUDA,PASUKAN BERUANG77,1604301408
,1929412297,-2039062065880830180,Gasss Duasatu,PASUKAN BERUANG77,1604301408
,5442848850,-1874616467438844788,Ella Yassmin Fitri,PASUKAN BERUANG77,1604301408
zulham2555,5415350473,1559064864256708402,Zulham,PASUKAN BERUANG77,1604301408
lang017,1493497454,8407571379074194292,lang17,PASUKAN BERUANG77,1604301408
Asepmandala33,5157846473,5671741733345826022,Asep Mandala,PASUKAN BERUANG77,1604301408
Kentodj,5236516103,-3266498976260107276,beb Beni,PASUKAN BERUANG77,1604301408
,5454684157,-3215468799359992124,fikri F,PASUKAN BERUANG77,1604301408
,5219210666,-4010284871520760992,Dito,PASUKAN BERUANG77,1604301408
PAK_LURAHE,1979941733,-1666801686767345855,PAK LURAH,PASUKAN BERUANG77,1604301408
,1134109647,-4977110802662356174,Aldo Ardiansyah,PASUKAN BERUANG77,1604301408
,1250428274,8117694565178555216,Aswan,PASUKAN BERUANG77,1604301408
,1351895473,4514960779904600295,Frisilia Devi,PASUKAN BERUANG77,1604301408
Rz_sedangmengetik,1460972177,-1347024091749680784,R Iky Z,PASUKAN BERUANG77,1604301408
Lexs85,1767366975,-1896139796498684611,Alex Barnas,PASUKAN BERUANG77,1604301408
vintasticsebastian,1914205642,2738965359824946711,vintastic sebastian,PASUKAN BERUANG77,1604301408
,1915140974,4190903929033525199,Sikopat,PASUKAN BERUANG77,1604301408
Adesiswanto,1956869255,3608326759008895703,Adesiswanto,PASUKAN BERUANG77,1604301408
sloman1723,1984462015,-1923524572615887056,Ro man,PASUKAN BERUANG77,1604301408
,5049173557,-900637361443043131,Ridwan Iwan,PASUKAN BERUANG77,1604301408
Abunzahra,5552036405,-3932459305697938872,-abun,PASUKAN BERUANG77,1604301408
reyhanfadillah08,2015288607,7618715489323405152,reyhanfadillah,PASUKAN BERUANG77,1604301408
salsabillaj,5313431271,3377733012987300180,RIO Saptura,PASUKAN BERUANG77,1604301408
,5095920606,-6052039299677613812,Bee,PASUKAN BERUANG77,1604301408
nuraeni12477,2005085593,-3123555220786436142,Nur,PASUKAN BERUANG77,1604301408
Alvredo9,5001423722,-346289846514039799,Gustavo Aldama,PASUKAN BERUANG77,1604301408
Amanda_andre98,5342060712,5575168683293878721,Wacik,PASUKAN BERUANG77,1604301408
putra226,5499781682,-3976240579523829070,Putra Ardiansyah,PASUKAN BERUANG77,1604301408
,1970726993,-2805995568826070084,ganax,PASUKAN BERUANG77,1604301408
elpinpons,1687497974,-6349610840877371869,Yogi Spc,PASUKAN BERUANG77,1604301408
drianayanti,1780153635,174897499541673240,Indri,PASUKAN BERUANG77,1604301408
r4m4112,1918253609,-4982720549820461494,Danidan Cbr,PASUKAN BERUANG77,1604301408
,5219622573,1687412948500558884,ros liana,PASUKAN BERUANG77,1604301408
,5286076684,-7022941913036107418,Angel Yuliani,PASUKAN BERUANG77,1604301408
,5307066116,5654674963378873982,Lala Din,PASUKAN BERUANG77,1604301408
,5340302715,1908794600087942611,Stiller Rose,PASUKAN BERUANG77,1604301408
,5467480809,6882971980694532493,Albert Volt,PASUKAN BERUANG77,1604301408
,5499147250,5286756348633603593,Sofah Nj,PASUKAN BERUANG77,1604301408
Otodidak009,5375332071,8566984057501229760,Yuli Yanti,PASUKAN BERUANG77,1604301408
,5539026137,2974350287162084565,Su Herman,PASUKAN BERUANG77,1604301408
Abaheibra,5302608425,5841410187321409759,Mahfud .BA,PASUKAN BERUANG77,1604301408
WANDUL0,5404451118,1667181516514838098,wandulo,PASUKAN BERUANG77,1604301408
ndalinu,5422998241,6187311347192602298,Robet Too,PASUKAN BERUANG77,1604301408
,5475359884,1370249947034417162,Peank Ah,PASUKAN BERUANG77,1604301408
Sarifah_A_M,5583616294,-3531442251915981101,Sarifah A M,PASUKAN BERUANG77,1604301408
,5354499918,-8738604075090059312,Remon K,PASUKAN BERUANG77,1604301408
,5376999914,-2717670127002440885,cc,PASUKAN BERUANG77,1604301408
Magebe,5386615514,-2898481871671799034,User Mage,PASUKAN BERUANG77,1604301408
Putningsihhh,5392093557,3935189565487842367,Waw,PASUKAN BERUANG77,1604301408
,5121820726,2971549046468732160,Sahlan,PASUKAN BERUANG77,1604301408
,5180053959,3192902608812205417,Maz Rakha,PASUKAN BERUANG77,1604301408
,5217659142,-4728905364530330897,Jeblug Ege,PASUKAN BERUANG77,1604301408
,5256790073,-4147743205153975297,Ahya Suanda,PASUKAN BERUANG77,1604301408
Sigitew,5293524456,-8791620283564399777,Boncel,PASUKAN BERUANG77,1604301408
elhamudiyar,5298055643,3922865751839940615,elham diyar,PASUKAN BERUANG77,1604301408
,5299872981,5839192135298969683,Welly Welly,PASUKAN BERUANG77,1604301408
Pargoy_hoki,5369427929,-4450840889236905995,pargoy hoki,PASUKAN BERUANG77,1604301408
,5225762818,259205621026541985,Siti Fitri,PASUKAN BERUANG77,1604301408
sruuun,1437717597,8908590284422577653,yusron,PASUKAN BERUANG77,1604301408
,1644107099,6859679946950769494,Mas Roy,PASUKAN BERUANG77,1604301408
raaziqan,1835314294,-805705071257824255,Raaziqan Muhammad Haybat,PASUKAN BERUANG77,1604301408
Kisot,1863474945,2356207858805527426,Liliksetiawan,PASUKAN BERUANG77,1604301408
rambo_cuan,1864979054,-563703080838513307,ferdy Tan,PASUKAN BERUANG77,1604301408
idaayunyoman,1875459704,-8827997303762226404,Prima Tinam,PASUKAN BERUANG77,1604301408
rahmaaafa,1914779808,2123631653593758021,Jangan sombong,PASUKAN BERUANG77,1604301408
Badrikanagasawa,2004041865,-1217492044579029073,Badrika Naga Sawa,PASUKAN BERUANG77,1604301408
,5120032250,-419269499163119802,sarmi lah,PASUKAN BERUANG77,1604301408
,5294400455,-8592404657547172639,Dede Marsudi,PASUKAN BERUANG77,1604301408
Cipejuhkental,5142054687,5373804682583876593,Maerot 21,PASUKAN BERUANG77,1604301408
,5392690513,-7714879413345661814,SARII SArii,PASUKAN BERUANG77,1604301408
,918852773,5107959219217909732,Rhiya_Karina Kirana,PASUKAN BERUANG77,1604301408
,1798541034,4338391329463922743,ichal jay,PASUKAN BERUANG77,1604301408
,1875647866,-9119885185814573298,Ihsannnnn_,PASUKAN BERUANG77,1604301408
,5455000544,3140501776722092354,y y,PASUKAN BERUANG77,1604301408
william001844,5549160565,5325262034231820303,willy,PASUKAN BERUANG77,1604301408
,1466626202,-1474912397280901954,Jumati,PASUKAN BERUANG77,1604301408
,1799621501,-5560533818907148541,Manusia,PASUKAN BERUANG77,1604301408
Fhadie,1815539133,-3335671835877631854,Fadil Muhammad,PASUKAN BERUANG77,1604301408
,1824435238,3851619792652419793,Hasbiansyah,PASUKAN BERUANG77,1604301408
Jadenstonze,2020870401,-5144347869906282091,Jaden,PASUKAN BERUANG77,1604301408
,5105718345,5636433231051633719,Jmtn Pridee Jmtn Pridee,PASUKAN BERUANG77,1604301408
,5400218666,-2241175259910566328,Arjun Gingsul,PASUKAN BERUANG77,1604301408
gueceweokey,5418844820,5762205215291548963,Glxssy_ wydd,PASUKAN BERUANG77,1604301408
ikaYasa,992111181,-6292939917553597886,Ika Ika Yasa,PASUKAN BERUANG77,1604301408
Veraanh26,1204146384,412039672240732856,Vera Nurhayati,PASUKAN BERUANG77,1604301408
Auliaanurjnh,1237762955,-7110488620790169783,Auliaa,PASUKAN BERUANG77,1604301408
yltyltfh,1270028654,-8018974966906622939,Yulianty,PASUKAN BERUANG77,1604301408
Bahuhe07,1271554943,5845528962887920485,Bahuhe07 Bah Uhe,PASUKAN BERUANG77,1604301408
,1320730944,7588777700579637555,arini,PASUKAN BERUANG77,1604301408
Lailass14,1357830857,-1355981173124506789,La,PASUKAN BERUANG77,1604301408
,1384473482,-7167797780870942865,Rosiana Putri,PASUKAN BERUANG77,1604301408
duyulopmi,1403269884,8796993645171737400,Ismi Oktapiani,PASUKAN BERUANG77,1604301408
Ikirizzz,1426531473,-1819828670324840305,iki,PASUKAN BERUANG77,1604301408
,1464546452,4507742222243343711,Regina ‚öö‚Ä¢ùôéùôêùôâùòøùòº-ùôÉùòºùôáùôáùòº‚Ä¢‚öö,PASUKAN BERUANG77,1604301408
Budnycamphe,1483400278,4905562367572496085,Kirana Dwi Safitri,PASUKAN BERUANG77,1604301408
,1556093184,-5071822939540584933,Desi Putrinda,PASUKAN BERUANG77,1604301408
,1565831817,-2414494988368356741,Ismi Maharani Ismi,PASUKAN BERUANG77,1604301408
skxjkla,1583424589,8764366576119366455,+,PASUKAN BERUANG77,1604301408
,1618443413,-6712264349597598924,Attie Kd,PASUKAN BERUANG77,1604301408
obeyblack,1660826028,-6342998007319363411,kheisuke Baji,PASUKAN BERUANG77,1604301408
,1766610300,-1582015935566010825,Pepen Effendi,PASUKAN BERUANG77,1604301408
yewlrds,1779138034,3724795695926618980,_,PASUKAN BERUANG77,1604301408
,1782294863,-2023422451281464751,MUPU,PASUKAN BERUANG77,1604301408
,1865623530,4658696278813088573,Tikaaa.,PASUKAN BERUANG77,1604301408
,1883832116,5568329105300204192,Fauzziah jiah,PASUKAN BERUANG77,1604301408
,1891988300,-6044070746526895349,Arista Amalia Putri,PASUKAN BERUANG77,1604301408
RaaFtmh,1901960114,-6452408589248637963,Raa,PASUKAN BERUANG77,1604301408
,1930726047,1272061550449419419,Fina Dfina,PASUKAN BERUANG77,1604301408
,1976447999,-5491587229282896023,Shelly Marchanda,PASUKAN BERUANG77,1604301408
,1980083677,-3189114459804570290,Bangun,PASUKAN BERUANG77,1604301408
,1992235052,-1531686257819982794,Sri,PASUKAN BERUANG77,1604301408
Tari0906,2010357668,-2924761607282768182,Sisca Lestari,PASUKAN BERUANG77,1604301408
Blvya26,2086251023,-2819767790618034509,Vitry,PASUKAN BERUANG77,1604301408
Idanurhayati30,5020506640,-7899753715195746195,Ida Nurhayati,PASUKAN BERUANG77,1604301408
,5064337230,1294916152099217746,Intan Baizura,PASUKAN BERUANG77,1604301408
,5077642477,-4126035429387564939,Tanti Y,PASUKAN BERUANG77,1604301408
,5102111211,-663684390025752625,PUSAKA303 Online GAME,PASUKAN BERUANG77,1604301408
,5172036043,-5074286415003612141,Amel Liah,PASUKAN BERUANG77,1604301408
,5188785781,2977948751247148502,M S,PASUKAN BERUANG77,1604301408
,5241859526,-3633890275314441707,Perdagangan Semata,PASUKAN BERUANG77,1604301408
,5310761903,-8061450234847254214,Nisa Chadut05,PASUKAN BERUANG77,1604301408
,5350507305,-5652341666226194917,Septi Septiani,PASUKAN BERUANG77,1604301408
,5391915546,3240308139535247376,Dwa dui,PASUKAN BERUANG77,1604301408
,5437692361,-2517518967192322597,Ntuy _45,PASUKAN BERUANG77,1604301408
,5446218512,-2328717792920803095,Nnes Ptri,PASUKAN BERUANG77,1604301408
,5465800514,5781132795223915415,Feliciana Lamanele,PASUKAN BERUANG77,1604301408
egyqafe5,5521923270,1324291520624013249,Esteban,PASUKAN BERUANG77,1604301408
,5570553480,-1252156229733767116,Ezaa Alvaro,PASUKAN BERUANG77,1604301408
Nzwnazila,5667187257,4103356782502614014,Nzwnazila,PASUKAN BERUANG77,1604301408
Abcde0847,1121898259,-1166458263252376333,Iyaudah15,PASUKAN BERUANG77,1604301408
,5288108900,-9074055414134967219,Dil Bhizer,PASUKAN BERUANG77,1604301408
Sherlypakey,5299045902,-984553074965483166,Sherly,PASUKAN BERUANG77,1604301408
,5354355883,-5297699988352045242,Febrianto Farel09,PASUKAN BERUANG77,1604301408
One_Husni,712072788,9000116603092893324,Mi,PASUKAN BERUANG77,1604301408
plekydjiancok,849753178,-3936930411976938586,mz Pleky,PASUKAN BERUANG77,1604301408
NdrxBrendonly,1436456250,-5844518346878421100,Brayen 2021,PASUKAN BERUANG77,1604301408
,5026835520,-6059017090520862358,U.s.A,PASUKAN BERUANG77,1604301408
,5044225954,3203532758037966224,Sofyan Lubis,PASUKAN BERUANG77,1604301408
,5053262987,-4297648111771134467,Indra Arya Pratama Indra Arya Pratama,PASUKAN BERUANG77,1604301408
,5217734458,2322461229305474254,Adoy Bae,PASUKAN BERUANG77,1604301408
,5330690500,-829280004936935006,St Saputri Ramadani,PASUKAN BERUANG77,1604301408
,5213925644,-7006265418911651545,SURIYA,PASUKAN BERUANG77,1604301408
,1856397056,872848910280428465,samin,PASUKAN BERUANG77,1604301408
,5665981144,6598573332101968611,Febri,PASUKAN BERUANG77,1604301408
dessycaroline,1417300113,-3846023839132263648,Dessy caroline,PASUKAN BERUANG77,1604301408
,1734767949,-7741649523109441752,Iqball,PASUKAN BERUANG77,1604301408
farizjj,1807825767,-6436920203286156301,fariz faozi,PASUKAN BERUANG77,1604301408
,1875638287,7981850054539162913,hasyim mahri,PASUKAN BERUANG77,1604301408
,1994643469,469659758439806240,turu,PASUKAN BERUANG77,1604301408
,2019370791,-4045536924876734101,Nasel Alfareno,PASUKAN BERUANG77,1604301408
,5305002241,1048164718233064970,Evelyn Day,PASUKAN BERUANG77,1604301408
,5386913260,7070659936346994105,Anggito Cahyo,PASUKAN BERUANG77,1604301408
,5485134110,5030731170968008239,Cia,PASUKAN BERUANG77,1604301408
,5497058109,4310319757247421816,Rizal Tata,PASUKAN BERUANG77,1604301408
yuna9119,5179075729,4955568235156075132,Yuna Ernest,PASUKAN BERUANG77,1604301408
,5260991752,-3088743943601440624,janda Pojok,PASUKAN BERUANG77,1604301408
rizqyagungprastyo,789068519,-1936425911976792515,AKUN AKTIF,PASUKAN BERUANG77,1604301408
,974177647,9091592494564686089,Rinto,PASUKAN BERUANG77,1604301408
,1135274474,-2817700926238418606,Cahya Sulis,PASUKAN BERUANG77,1604301408
,1386449179,4805397226345043123,Jefry succes SB30,PASUKAN BERUANG77,1604301408
BersyukurAjaYah,1413735322,-8887998691009131135,Nur,PASUKAN BERUANG77,1604301408
Anis_Megaways,1444775256,4670618281272163356,@Anis_Megaways,PASUKAN BERUANG77,1604301408
